Title,Company,Location,Link
Développeur Back Python /Django (H/F),ARTEMYS,Mont-Saint-Aignan (76),https://fr.indeed.com/emplois?q=python&limit=10&vjk=bba36768b27c35c9
Développeur Python Fast API FULL REMOTE (H/F),HR-TEAM,Télétravail in Paris (75),https://fr.indeed.com/emplois?q=python&limit=10&vjk=260ffeca914065dc
Développeur Python / Django H/F,HR-TEAM,Paris (75),https://fr.indeed.com/emplois?q=python&limit=10&vjk=9046b6326cc2e2c0
Commando VBA/Python - Confirm (IT),Digistrat consulting,Paris (75),https://fr.indeed.com/emplois?q=python&limit=10&vjk=e59fe28d9651e2da
Développeur PYTHON,NOESN,La Défense (92),https://fr.indeed.com/emplois?q=python&limit=10&vjk=85d8eb55839eaafb
Développeur(se) Python,FullSave,31200 Toulouse,https://fr.indeed.com/emplois?q=python&limit=10&vjk=55edb80b974659cc
Python Flask et/ou Golang - Cybersécu pour les PME - H/F,Hirestone,Paris (75),https://fr.indeed.com/emplois?q=python&limit=10&vjk=3305f2c2acadbedc
Développeur backend Python/Django (H/F),Telio,Villepinte (93),https://fr.indeed.com/emplois?q=python&limit=10&vjk=62742888f0f23989
Développeur PYTHON F/H,CACIIS,Télétravail hybride in Levallois-Perret (92),https://fr.indeed.com/emplois?q=python&limit=10&vjk=d0c313018a2efcd9
Développeur Python - Débutant(e)-(H/F),Société Générale,La Défense (92),https://fr.indeed.com/emplois?q=python&limit=10&vjk=95acf8bdc075f655
"Backend Software Engineer, Intelligence Artificielle (Python...",Groupama Supports et Services,Puteaux (92),https://fr.indeed.com/emplois?q=python&limit=10&vjk=5e0cae05f915ca1a
Software developer Python - Front office,Capital Management Fund,Paris (75),https://fr.indeed.com/emplois?q=python&limit=10&vjk=5532248570b72076
Développeur Python Django F/H,AddixWare,,https://fr.indeed.com/emplois?q=python&limit=10&vjk=f09187f2d0c9ff8b
"Data Engineer (full time, all seniority levels) - QuantumBla...",McKinsey & Company,75008 Paris,https://fr.indeed.com/emplois?q=python&limit=10&vjk=cf1f04a4a5a10194
Python DevOps Developer H/F,Devoteam,Levallois-Perret (92),https://fr.indeed.com/emplois?q=python&limit=10&vjk=aa099860d5c69cc3
Développeur Python,MINT Conseil,Issy-les-Moulineaux (92),https://fr.indeed.com/emplois?q=python&limit=10&vjk=b6c217af737c0945
Software Engineer Python (H/F/N) - Paris,Ekimetrics,Paris (75),https://fr.indeed.com/emplois?q=python&limit=10&vjk=eddb2828d57b5845
Ingénieur Développement Python et C - PARIS (H/F),Capgemini,Paris (75),https://fr.indeed.com/emplois?q=python&limit=10&vjk=e0af512d0b077dae
Data Scientist F-H,CBA Informatique Libérale,84000 Avignon,https://fr.indeed.com/emplois?q=python&limit=10&vjk=83a80670364ac94c
Développeur Python TOULOUSE H/F,Capgemini,,https://fr.indeed.com/emplois?q=python&limit=10&vjk=379e23479dd552d8
Développeur Python,Stagup,75009 Paris 9e,https://fr.indeed.com/emplois?q=python&limit=10&vjk=649818cc9c19ad03
Développeur Python F/H,iPepper,Nice (06),https://fr.indeed.com/emplois?q=python&limit=10&vjk=c01dcc9982541349
Stage Automatisation et Développement Python,NOKIA,Nozay (91),https://fr.indeed.com/emplois?q=python&limit=10&vjk=18f46f5d613bac70
Développeur Python H/F,Diggers,Paris (75),https://fr.indeed.com/emplois?q=python&limit=10&vjk=8f6e768a7d12f7ee
Développeur Python F/H,Yonni DERY Ste SIDEXIA,Boulogne-Billancourt (92),https://fr.indeed.com/emplois?q=python&limit=10&vjk=f04d07133b9bdfd0
Data scientist,Pôle Emploi,94028 Créteil,https://fr.indeed.com/emplois?q=python&limit=10&vjk=b02bb5a2536469f2
Développeur Python (H/F),CITECH,,https://fr.indeed.com/emplois?q=python&limit=10&vjk=e5ea98d8982fd8dc
Développeur Python F/H,agap2 IT,Boulogne-Billancourt (92),https://fr.indeed.com/emplois?q=python&limit=10&vjk=97c0f5d4e4dba92b
CDI Full-stack Python,FABDEV,75015 Paris 15e,https://fr.indeed.com/emplois?q=python&limit=10&vjk=c5b8e7235cf9bed8
Développeur python,AGH CONSULTING,Paris (75),https://fr.indeed.com/emplois?q=python&limit=10&vjk=8f76b001eb0f1484
